"Row.names","Class","p1p1x","p2p2x","h_cgvc","ang_NHs","ang_CHs","dist_NH","dist_CH","h_scvc","Kinase","Family","Group ","Resolution","Species","Quality Score"
"1BYG_A","CODO","-0.074927124","-0.726996125","0.443201351","79.6979215","71.58592178","14.28146076","11.33604145","0.571825204","CSK","Csk","TK","2.4","Human","7.6"
"2XK4_A","CODO","0.096820299","-0.757741961","0.663281242","76.86450761","61.09741575","12.76698685","10.03127575","0.794905773"," NEK2","NEK","Other","2.1","Human","4"
"2XNM_A","CODO","-0.68847926","-0.433466123","0.63877402","78.89555469","64.83992493","12.46212196","10.17659283","0.771806109","NEK2","NEK"," Other","1.85","Human","4.4"
"3RHK_A","CODO","-0.366984687","-0.728177453","0.050963387","111.7594509","91.68395321","18.52125359","12.30070019","0.254599445"," MET"," Met","TK","1.94","Human","8"
"4A4X_A","CODO","0.089644615","-0.72067191","0.640592191","77.5685215","63.68089818","12.04016876","9.964236259","0.778338153","NEK2"," NEK","Other","2.4","Human","6.1"
"4ASZ_A","CODO","-0.102122689","-0.189755502","0.938181584","42.63245228","27.6766444","8.85439682","14.20381069","0.956857025","NTRK2 (TRKB)"," Trk"," TK","1.7","Human","6.4"
"4X7H_A","CODO","-0.757117672","-0.46905805","0.566233702","83.6692641","48.31867712","12.06272888","11.40098858","0.714354466"," EIF2AK3 (PEK)"," PEK"," Other","2","Human","8.8"
"4XV9_A","CODO","-0.764136063","-0.965223635","0.949261319","42.36367557","23.51454936","10.0275383","11.56158352","0.90561285","BRAF"," RAF"," TKL","2","Human","6.4"
"4ZLO_A","CODO","-0.255978191","-0.415898831","0.597735753","69.29046302","45.36526667","11.22073841","13.05376816","0.742320032","PAK1","STE20","STE","2.5","Human","6.5"
"5IA5_A","CODO","-0.609635518","-0.414940626","0.748365229","71.52131837","49.67057741","9.623861313","9.131720543","0.85047591","EPHA2 (EphA2)","Eph","TK","1.78","Human","8"
